dataset,split,bucket_feature,bucket,method,n_queries,recall_at_5,mrr,ndcg_at_5,reward,reward_delta_vs_train_best,reward_delta_vs_heuristic,rewrite_cost,retrieval_calls,oracle_margin,oracle_tie_count
scifact,test,state_question_length,low,Train-best retrieval action,100,0.7725,0.6531666666666667,0.6771365743137917,1.0690833333333334,0.0,0.040000000000000036,0.03,2.0,0.019566666666666666,5.43
scifact,test,state_question_length,low,Heuristic retrieval router,100,0.7183333333333333,0.6214999999999999,0.6385882379251129,1.0290833333333333,-0.040000000000000036,0.0,0.0,1.0,0.019566666666666666,5.43
scifact,test,state_question_length,low,Selective retrieval policy,100,0.7861666666666668,0.6576666666666665,0.6813142951946424,1.0981999999999998,0.029116666666666458,0.06911666666666649,0.0168,1.56,0.019566666666666666,5.43
scifact,test,state_question_length,low,Confidence-gated retrieval policy,100,0.7861666666666668,0.6576666666666665,0.6813142951946424,1.0981999999999998,0.029116666666666458,0.06911666666666649,0.0168,1.56,0.019566666666666666,5.43
scifact,test,state_question_length,low,Oracle retrieval action,100,0.857,0.7461666666666666,0.7677126278609145,1.2297833333333332,0.16069999999999984,0.20069999999999988,0.0003,1.01,0.019566666666666666,5.43
scifact,test,state_question_length,mid,Train-best retrieval action,115,0.7369565217391304,0.6455072463768116,0.6683746974972475,1.0297101449275365,0.0,-0.008710144927535746,0.030000000000000006,2.0,0.03644927536231884,6.113043478260869
scifact,test,state_question_length,mid,Heuristic retrieval router,115,0.7195652173913043,0.6392753623188405,0.6555499977457308,1.0384202898550723,0.008710144927535746,0.0,0.0007826086956521738,1.0260869565217392,0.03644927536231884,6.113043478260869
scifact,test,state_question_length,mid,Selective retrieval policy,115,0.7565217391304347,0.6650724637681159,0.6858855855844982,1.0783623188405798,0.04865217391304322,0.03994202898550747,0.010695652173913044,1.3565217391304347,0.03644927536231884,6.113043478260869
scifact,test,state_question_length,mid,Confidence-gated retrieval policy,115,0.7565217391304347,0.6650724637681159,0.6858855855844982,1.0783623188405798,0.04865217391304322,0.03994202898550747,0.010695652173913044,1.3565217391304347,0.03644927536231884,6.113043478260869
scifact,test,state_question_length,mid,Oracle retrieval action,115,0.8,0.7091304347826088,0.729977666256398,1.154304347826087,0.1245942028985505,0.11588405797101475,0.0002608695652173913,1.008695652173913,0.03644927536231884,6.113043478260869
scifact,test,state_question_length,high,Train-best retrieval action,85,0.7856862745098039,0.6464705882352941,0.6756623989014756,1.0789215686274511,0.0,-0.004529411764705893,0.029999999999999992,2.0,0.05641176470588235,5.541176470588235
scifact,test,state_question_length,high,Heuristic retrieval router,85,0.7699999999999999,0.636078431372549,0.6601292617063685,1.083450980392157,0.004529411764705893,0.0,0.004588235294117647,1.1529411764705881,0.05641176470588235,5.541176470588235
scifact,test,state_question_length,high,Selective retrieval policy,85,0.7821568627450979,0.6503921568627451,0.6729450739162794,1.0978235294117646,0.0189019607843135,0.014372549019607606,0.009529411764705883,1.3176470588235294,0.05641176470588235,5.541176470588235
scifact,test,state_question_length,high,Confidence-gated retrieval policy,85,0.7821568627450979,0.6503921568627451,0.6729450739162794,1.0978235294117646,0.0189019607843135,0.014372549019607606,0.009529411764705883,1.3176470588235294,0.05641176470588235,5.541176470588235
scifact,test,state_question_length,high,Oracle retrieval action,85,0.8688235294117647,0.7599999999999999,0.7834053047358599,1.2488235294117647,0.16990196078431352,0.16537254901960763,0.0,1.0,0.05641176470588235,5.541176470588235
scifact,test,state_bm25_top1,low,Train-best retrieval action,300,0.762611111111111,0.6483333333333333,0.6733601718339604,1.0567777777777778,0.0,0.008711111111111336,0.03,2.0,0.036477777777777776,5.723333333333334
scifact,test,state_bm25_top1,low,Heuristic retrieval router,300,0.7334444444444445,0.6324444444444444,0.6511935359277055,1.0480666666666665,-0.008711111111111336,0.0,0.0015999999999999999,1.0533333333333332,0.036477777777777776,5.723333333333334
scifact,test,state_bm25_top1,low,Selective retrieval policy,300,0.7736666666666666,0.6584444444444445,0.6806953438152175,1.090488888888889,0.03371111111111125,0.04242222222222258,0.0124,1.4133333333333333,0.036477777777777776,5.723333333333334
scifact,test,state_bm25_top1,low,Confidence-gated retrieval policy,300,0.7736666666666666,0.6584444444444445,0.6806953438152175,1.090488888888889,0.03371111111111125,0.04242222222222258,0.0124,1.4133333333333333,0.036477777777777776,5.723333333333334
scifact,test,state_bm25_top1,low,Oracle retrieval action,300,0.8385,0.7358888888888888,0.7576938176937511,1.2062444444444445,0.14946666666666664,0.15817777777777797,0.00019999999999999998,1.0066666666666666,0.036477777777777776,5.723333333333334
scifact,test,state_bm25_gap,low,Train-best retrieval action,100,0.5945,0.43883333333333335,0.47149996025138,0.7839166666666667,0.0,0.03688333333333338,0.03,2.0,0.05528333333333332,5.14
scifact,test,state_bm25_gap,low,Heuristic retrieval router,100,0.5503333333333333,0.403,0.4310305425968155,0.7470333333333333,-0.03688333333333338,0.0,0.0048,1.16,0.05528333333333332,5.14
scifact,test,state_bm25_gap,low,Selective retrieval policy,100,0.6226666666666667,0.4538333333333333,0.4871750136588744,0.8378833333333334,0.05396666666666672,0.0908500000000001,0.011699999999999999,1.39,0.05528333333333332,5.14
scifact,test,state_bm25_gap,low,Confidence-gated retrieval policy,100,0.6226666666666667,0.4538333333333333,0.4871750136588744,0.8378833333333334,0.05396666666666672,0.0908500000000001,0.011699999999999999,1.39,0.05528333333333332,5.14
scifact,test,state_bm25_gap,low,Oracle retrieval action,100,0.7204999999999999,0.5718333333333333,0.6015239709250135,1.0058166666666666,0.22189999999999988,0.25878333333333325,0.0006,1.02,0.05528333333333332,5.14
scifact,test,state_bm25_gap,mid,Train-best retrieval action,100,0.7666666666666667,0.6161666666666666,0.650452568594898,1.0447500000000003,0.0,0.033416666666667094,0.03,2.0,0.031733333333333336,4.77
scifact,test,state_bm25_gap,mid,Heuristic retrieval router,100,0.7183333333333334,0.586,0.611133209047044,1.0113333333333332,-0.033416666666667094,0.0,0.0,1.0,0.031733333333333336,4.77
scifact,test,state_bm25_gap,mid,Selective retrieval policy,100,0.7666666666666667,0.614,0.6441873960667874,1.0496666666666667,0.004916666666666458,0.03833333333333355,0.024,1.8,0.031733333333333336,4.77
scifact,test,state_bm25_gap,mid,Confidence-gated retrieval policy,100,0.7666666666666667,0.614,0.6441873960667874,1.0496666666666667,0.004916666666666458,0.03833333333333355,0.024,1.8,0.031733333333333336,4.77
scifact,test,state_bm25_gap,mid,Oracle retrieval action,100,0.83,0.711,0.7389943899318504,1.1855,0.1407499999999997,0.1741666666666668,0.0,1.0,0.031733333333333336,4.77
scifact,test,state_bm25_gap,high,Train-best retrieval action,100,0.9266666666666665,0.89,0.8981279866556028,1.3416666666666668,0.0,-0.044166666666666465,0.03,2.0,0.02241666666666667,7.26
scifact,test,state_bm25_gap,high,Heuristic retrieval router,100,0.9316666666666665,0.9083333333333334,0.911416856139257,1.3858333333333333,0.044166666666666465,0.0,0.0,1.0,0.02241666666666667,7.26
scifact,test,state_bm25_gap,high,Selective retrieval policy,100,0.9316666666666665,0.9075,0.9107236217199909,1.3839166666666665,0.04224999999999968,-0.0019166666666667886,0.0015,1.05,0.02241666666666667,7.26
scifact,test,state_bm25_gap,high,Confidence-gated retrieval policy,100,0.9316666666666665,0.9075,0.9107236217199909,1.3839166666666665,0.04224999999999968,-0.0019166666666667886,0.0015,1.05,0.02241666666666667,7.26
scifact,test,state_bm25_gap,high,Oracle retrieval action,100,0.965,0.9248333333333334,0.9325630922243892,1.4274166666666668,0.08574999999999999,0.04158333333333353,0.0,1.0,0.02241666666666667,7.26
scifact,test,state_bm25_entropy,low,Train-best retrieval action,101,0.9306930693069307,0.8811881188118812,0.8941514607496491,1.3412871287128714,0.0,-0.04237623762376219,0.03,2.0,0.02714521452145215,7.207920792079208
scifact,test,state_bm25_entropy,low,Heuristic retrieval router,101,0.9356435643564357,0.8960396039603961,0.9047160888805652,1.3836633663366336,0.04237623762376219,0.0,0.0,1.0,0.02714521452145215,7.207920792079208
scifact,test,state_bm25_entropy,low,Selective retrieval policy,101,0.9356435643564357,0.8952145214521453,0.9040297181684205,1.3817656765676567,0.04047854785478533,-0.0018976897689768624,0.0014851485148514852,1.0495049504950495,0.02714521452145215,7.207920792079208
scifact,test,state_bm25_entropy,low,Confidence-gated retrieval policy,101,0.9356435643564357,0.8952145214521453,0.9040297181684205,1.3817656765676567,0.04047854785478533,-0.0018976897689768624,0.0014851485148514852,1.0495049504950495,0.02714521452145215,7.207920792079208
scifact,test,state_bm25_entropy,low,Oracle retrieval action,101,0.9653465346534653,0.9255775577557755,0.9341612256129131,1.4281353135313533,0.08684818481848189,0.044471947194719696,0.0,1.0,0.02714521452145215,7.207920792079208
scifact,test,state_bm25_entropy,mid,Train-best retrieval action,99,0.7988215488215488,0.6518518518518518,0.684478266306349,1.0947474747474748,0.0,0.01090909090909098,0.030000000000000002,2.0,0.02602693602693603,4.878787878787879
scifact,test,state_bm25_entropy,mid,Heuristic retrieval router,99,0.7702020202020202,0.6272727272727273,0.6544021008272967,1.0838383838383838,-0.01090909090909098,0.0,0.0,1.0,0.02602693602693603,4.878787878787879
scifact,test,state_bm25_entropy,mid,Selective retrieval policy,99,0.7988215488215488,0.6572390572390572,0.6836072592588694,1.103804713804714,0.009057239057239208,0.019966329966330187,0.02363636363636363,1.7878787878787878,0.02602693602693603,4.878787878787879
scifact,test,state_bm25_entropy,mid,Confidence-gated retrieval policy,99,0.7988215488215488,0.6572390572390572,0.6836072592588694,1.103804713804714,0.009057239057239208,0.019966329966330187,0.02363636363636363,1.7878787878787878,0.02602693602693603,4.878787878787879
scifact,test,state_bm25_entropy,mid,Oracle retrieval action,99,0.8560606060606061,0.7324915824915825,0.7612130218517706,1.2223063973063972,0.12755892255892243,0.1384680134680134,0.0,1.0,0.02602693602693603,4.878787878787879
scifact,test,state_bm25_entropy,high,Train-best retrieval action,100,0.557,0.4096666666666667,0.4393540565014496,0.7318333333333333,0.0,0.05813333333333326,0.03,2.0,0.05625,5.06
scifact,test,state_bm25_entropy,high,Heuristic retrieval router,100,0.4928333333333333,0.37133333333333335,0.39195927819472204,0.6737000000000001,-0.05813333333333326,0.0,0.0048,1.16,0.05625,5.06
scifact,test,state_bm25_entropy,high,Selective retrieval policy,100,0.5851666666666666,0.4205,0.4522448294292672,0.7831166666666667,0.05128333333333335,0.1094166666666666,0.0123,1.41,0.05625,5.06
scifact,test,state_bm25_entropy,high,Confidence-gated retrieval policy,100,0.5851666666666666,0.4205,0.4522448294292672,0.7831166666666667,0.05128333333333335,0.1094166666666666,0.0123,1.41,0.05625,5.06
scifact,test,state_bm25_entropy,high,Oracle retrieval action,100,0.693,0.5476666666666667,0.5759777235789579,0.9662333333333334,0.23440000000000005,0.2925333333333333,0.0006,1.02,0.05625,5.06
scifact,test,predicted_action_margin,low,Train-best retrieval action,100,0.8366666666666666,0.7264999999999999,0.7505503620814196,1.1699166666666667,0.0,0.0035000000000002807,0.03,2.0,0.047233333333333336,5.73
scifact,test,predicted_action_margin,low,Heuristic retrieval router,100,0.8091666666666666,0.7144999999999999,0.7309930553177988,1.1664166666666664,-0.0035000000000002807,0.0,0.0,1.0,0.047233333333333336,5.73
scifact,test,predicted_action_margin,low,Selective retrieval policy,100,0.8436666666666666,0.7365,0.7560342830615128,1.1984166666666667,0.02849999999999997,0.03200000000000025,0.013500000000000002,1.45,0.047233333333333336,5.73
scifact,test,predicted_action_margin,low,Confidence-gated retrieval policy,100,0.8436666666666666,0.7365,0.7560342830615128,1.1984166666666667,0.02849999999999997,0.03200000000000025,0.013500000000000002,1.45,0.047233333333333336,5.73
scifact,test,predicted_action_margin,low,Oracle retrieval action,100,0.9095,0.8218333333333334,0.8383636084450247,1.3201166666666666,0.1501999999999999,0.15370000000000017,0.0003,1.01,0.047233333333333336,5.73
scifact,test,predicted_action_margin,mid,Train-best retrieval action,100,0.8186666666666668,0.7048333333333332,0.727530593725642,1.1410833333333334,0.0,-0.007933333333333348,0.03,2.0,0.0294,6.04
scifact,test,predicted_action_margin,mid,Heuristic retrieval router,100,0.7903333333333333,0.7191666666666666,0.7279380824844996,1.1490166666666668,0.007933333333333348,0.0,0.0009,1.03,0.0294,6.04
scifact,test,predicted_action_margin,mid,Selective retrieval policy,100,0.8356666666666667,0.7183333333333333,0.7409173270239662,1.1837333333333333,0.042649999999999855,0.03471666666666651,0.0111,1.37,0.0294,6.04
scifact,test,predicted_action_margin,mid,Confidence-gated retrieval policy,100,0.8356666666666667,0.7183333333333333,0.7409173270239662,1.1837333333333333,0.042649999999999855,0.03471666666666651,0.0111,1.37,0.0294,6.04
scifact,test,predicted_action_margin,mid,Oracle retrieval action,100,0.8759999999999999,0.7753333333333333,0.7975035820604099,1.2636666666666667,0.12258333333333327,0.11464999999999992,0.0,1.0,0.0294,6.04
scifact,test,predicted_action_margin,high,Train-best retrieval action,100,0.6325,0.5136666666666667,0.541999559694819,0.8593333333333334,0.0,0.03056666666666663,0.03,2.0,0.032799999999999996,5.4
scifact,test,predicted_action_margin,high,Heuristic retrieval router,100,0.6008333333333333,0.46366666666666667,0.494649469980818,0.8287666666666668,-0.03056666666666663,0.0,0.0039000000000000003,1.13,0.032799999999999996,5.4
scifact,test,predicted_action_margin,high,Selective retrieval policy,100,0.6416666666666666,0.5205,0.5451344213601739,0.8893166666666668,0.029983333333333362,0.06054999999999999,0.0126,1.42,0.032799999999999996,5.4
scifact,test,predicted_action_margin,high,Confidence-gated retrieval policy,100,0.6416666666666666,0.5205,0.5451344213601739,0.8893166666666668,0.029983333333333362,0.06054999999999999,0.0126,1.42,0.032799999999999996,5.4
scifact,test,predicted_action_margin,high,Oracle retrieval action,100,0.73,0.6105,0.6372142625758185,1.03495,0.17561666666666664,0.20618333333333327,0.0003,1.01,0.032799999999999996,5.4
scifact,test,oracle_reward_margin,low,Train-best retrieval action,262,0.796119592875318,0.694910941475827,0.7183743583851943,1.1135750636132316,0.0,-0.00433206106870232,0.030000000000000006,2.0,0.0,6.194656488549619
scifact,test,oracle_reward_margin,low,Heuristic retrieval router,262,0.7729007633587787,0.6923027989821883,0.707427500613994,1.1179071246819339,0.00433206106870232,0.0,0.0011450381679389313,1.0381679389312977,0.0,6.194656488549619
scifact,test,oracle_reward_margin,low,Selective retrieval policy,262,0.7940203562340967,0.7115776081424936,0.7269949898343697,1.1376717557251907,0.024096692111959195,0.019764631043256875,0.01213740458015267,1.4045801526717556,0.0,6.194656488549619
scifact,test,oracle_reward_margin,low,Confidence-gated retrieval policy,262,0.7940203562340967,0.7115776081424936,0.7269949898343697,1.1376717557251907,0.024096692111959195,0.019764631043256875,0.01213740458015267,1.4045801526717556,0.0,6.194656488549619
scifact,test,oracle_reward_margin,low,Oracle retrieval action,262,0.8204198473282442,0.7538804071246819,0.7683243728123982,1.1972455470737915,0.08367048346055994,0.07933842239185762,0.00011450381679389313,1.0038167938931297,0.0,6.194656488549619
scifact,test,oracle_reward_margin,high,Train-best retrieval action,38,0.531578947368421,0.32719298245614037,0.3629992014017678,0.6651754385964911,0.0,0.09864035087719292,0.030000000000000002,2.0,0.2879824561403508,2.473684210526316
scifact,test,oracle_reward_margin,high,Heuristic retrieval router,38,0.46140350877192976,0.2197368421052631,0.2634751478275064,0.5665350877192982,-0.09864035087719292,0.0,0.004736842105263157,1.1578947368421053,0.2879824561403508,2.473684210526316
scifact,test,oracle_reward_margin,high,Selective retrieval policy,38,0.6333333333333333,0.2921052631578947,0.3614714686305371,0.7651754385964913,0.1000000000000002,0.19864035087719312,0.014210526315789474,1.4736842105263157,0.2879824561403508,2.473684210526316
scifact,test,oracle_reward_margin,high,Confidence-gated retrieval policy,38,0.6333333333333333,0.2921052631578947,0.3614714686305371,0.7651754385964913,0.1000000000000002,0.19864035087719312,0.014210526315789474,1.4736842105263157,0.2879824561403508,2.473684210526316
scifact,test,oracle_reward_margin,high,Oracle retrieval action,38,0.9631578947368421,0.6118421052631579,0.6843989376651846,1.2682894736842105,0.6031140350877194,0.7017543859649124,0.0007894736842105263,1.0263157894736843,0.2879824561403508,2.473684210526316
scifact,test,action_reward_std,low,Train-best retrieval action,156,0.7211538461538461,0.7211538461538461,0.71951331375857,1.0517307692307691,0.0,-0.02865384615384614,0.03,2.0,0.0,7.2756410256410255
scifact,test,action_reward_std,low,Heuristic retrieval router,156,0.7211538461538461,0.7211538461538461,0.7189987034325969,1.0803846153846153,0.02865384615384614,0.0,0.001346153846153846,1.044871794871795,0.0,7.2756410256410255
scifact,test,action_reward_std,low,Selective retrieval policy,156,0.7211538461538461,0.7211538461538461,0.7189987034325969,1.0715384615384618,0.019807692307692637,-0.008846153846153504,0.010192307692307691,1.3397435897435896,0.0,7.2756410256410255
scifact,test,action_reward_std,low,Confidence-gated retrieval policy,156,0.7211538461538461,0.7211538461538461,0.7189987034325969,1.0715384615384618,0.019807692307692637,-0.008846153846153504,0.010192307692307691,1.3397435897435896,0.0,7.2756410256410255
scifact,test,action_reward_std,low,Oracle retrieval action,156,0.7211538461538461,0.7211538461538461,0.7189987034325969,1.0817307692307692,0.030000000000000027,0.0013461538461538858,0.0,1.0,0.0,7.2756410256410255
scifact,test,action_reward_std,high,Train-best retrieval action,144,0.8075231481481482,0.5694444444444444,0.6233609347489664,1.0622453703703705,0.0,0.04918981481481488,0.030000000000000002,2.0,0.07599537037037035,4.041666666666667
scifact,test,action_reward_std,high,Heuristic retrieval router,144,0.7467592592592592,0.5363425925925926,0.5777379377974066,1.0130555555555556,-0.04918981481481488,0.0,0.0018750000000000001,1.0625,0.07599537037037035,4.041666666666667
scifact,test,action_reward_std,high,Selective retrieval policy,144,0.8305555555555555,0.5905092592592592,0.6392000375630568,1.1110185185185186,0.04877314814814815,0.09796296296296303,0.014791666666666667,1.4930555555555556,0.07599537037037035,4.041666666666667
scifact,test,action_reward_std,high,Confidence-gated retrieval policy,144,0.8305555555555555,0.5905092592592592,0.6392000375630568,1.1110185185185186,0.04877314814814815,0.09796296296296303,0.014791666666666667,1.4930555555555556,0.07599537037037035,4.041666666666667
scifact,test,action_reward_std,high,Oracle retrieval action,144,0.9656250000000001,0.751851851851852,0.7996135248100015,1.3411342592592592,0.27888888888888874,0.3280787037037036,0.00041666666666666664,1.0138888888888888,0.07599537037037035,4.041666666666667
scifact,test,bm25_dense_doc_overlap,low,Train-best retrieval action,129,0.6585271317829458,0.5549095607235142,0.5750984999635236,0.9059819121447028,0.0,0.06104651162790686,0.030000000000000002,2.0,0.04568475452196382,5.6976744186046515
scifact,test,bm25_dense_doc_overlap,low,Heuristic retrieval router,129,0.5887596899224806,0.5165374677002583,0.5294640493411139,0.8449354005167959,-0.06104651162790686,0.0,0.0020930232558139536,1.069767441860465,0.04568475452196382,5.6976744186046515
scifact,test,bm25_dense_doc_overlap,low,Selective retrieval policy,129,0.6751937984496124,0.5594315245478035,0.5828092423598648,0.9418863049095607,0.035904392764857906,0.09695090439276477,0.013023255813953487,1.434108527131783,0.04568475452196382,5.6976744186046515
scifact,test,bm25_dense_doc_overlap,low,Confidence-gated retrieval policy,129,0.6751937984496124,0.5594315245478035,0.5828092423598648,0.9418863049095607,0.035904392764857906,0.09695090439276477,0.013023255813953487,1.434108527131783,0.04568475452196382,5.6976744186046515
scifact,test,bm25_dense_doc_overlap,low,Oracle retrieval action,129,0.7387596899224808,0.6334625322997416,0.6554440827999066,1.0554909560723515,0.14950904392764874,0.2105555555555556,0.0,1.0,0.04568475452196382,5.6976744186046515
scifact,test,bm25_dense_doc_overlap,mid,Train-best retrieval action,93,0.8028673835125447,0.6854838709677419,0.711083397521462,1.1156093189964158,0.0,-0.03713261648745525,0.029999999999999995,2.0,0.020698924731182795,5.827956989247312
scifact,test,bm25_dense_doc_overlap,mid,Heuristic retrieval router,93,0.8136200716845877,0.6808243727598566,0.7071047628277382,1.152741935483871,0.03713261648745525,0.0,0.0012903225806451613,1.043010752688172,0.020698924731182795,5.827956989247312
scifact,test,bm25_dense_doc_overlap,mid,Selective retrieval policy,93,0.8136200716845877,0.6885304659498208,0.7105344531788563,1.1475627240143367,0.03195340501792088,-0.005179211469534373,0.01032258064516129,1.3440860215053763,0.020698924731182795,5.827956989247312
scifact,test,bm25_dense_doc_overlap,mid,Confidence-gated retrieval policy,93,0.8136200716845877,0.6885304659498208,0.7105344531788563,1.1475627240143367,0.03195340501792088,-0.005179211469534373,0.01032258064516129,1.3440860215053763,0.020698924731182795,5.827956989247312
scifact,test,bm25_dense_doc_overlap,mid,Oracle retrieval action,93,0.8817204301075269,0.7623655913978493,0.7882946572098213,1.2625806451612904,0.14697132616487463,0.10983870967741938,0.0003225806451612903,1.010752688172043,0.020698924731182795,5.827956989247312
scifact,test,bm25_dense_doc_overlap,high,Train-best retrieval action,78,0.8867521367521368,0.7585470085470085,0.7908921677615073,1.236025641025641,0.0,-0.023183760683760823,0.02999999999999999,2.0,0.04006410256410257,5.641025641025641
scifact,test,bm25_dense_doc_overlap,high,Heuristic retrieval router,78,0.877136752136752,0.7664529914529914,0.7858519932093376,1.2592094017094018,0.023183760683760823,0.0,0.0011538461538461537,1.0384615384615385,0.04006410256410257,5.641025641025641
scifact,test,bm25_dense_doc_overlap,high,Selective retrieval policy,78,0.8888888888888891,0.7863247863247863,0.8070064965962704,1.268205128205128,0.032179487179487154,0.00899572649572633,0.013846153846153847,1.4615384615384615,0.04006410256410257,5.641025641025641
scifact,test,bm25_dense_doc_overlap,high,Confidence-gated retrieval policy,78,0.8888888888888891,0.7863247863247863,0.8070064965962704,1.268205128205128,0.032179487179487154,0.00899572649572633,0.013846153846153847,1.4615384615384615,0.04006410256410257,5.641025641025641
scifact,test,bm25_dense_doc_overlap,high,Oracle retrieval action,78,0.9519230769230769,0.8737179487179488,0.890313532133641,1.388397435897436,0.15237179487179509,0.12918803418803426,0.0003846153846153846,1.0128205128205128,0.04006410256410257,5.641025641025641
scifact,test,dense_new_doc_rate,low,Train-best retrieval action,171,0.841130604288499,0.7188109161793371,0.7474873979818335,1.1705360623781678,0.0,-0.03076998050682267,0.030000000000000006,2.0,0.02953216374269006,5.742690058479532
scifact,test,dense_new_doc_rate,low,Heuristic retrieval router,171,0.8425925925925924,0.7198830409356725,0.743024552124608,1.2013060428849904,0.03076998050682267,0.0,0.0012280701754385965,1.04093567251462,0.02953216374269006,5.742690058479532
scifact,test,dense_new_doc_rate,low,Selective retrieval policy,171,0.847953216374269,0.7331384015594542,0.7545392449131154,1.2025925925925924,0.03205653021442467,0.0012865497076020027,0.011929824561403509,1.3976608187134503,0.02953216374269006,5.742690058479532
scifact,test,dense_new_doc_rate,low,Confidence-gated retrieval policy,171,0.847953216374269,0.7331384015594542,0.7545392449131154,1.2025925925925924,0.03205653021442467,0.0012865497076020027,0.011929824561403509,1.3976608187134503,0.02953216374269006,5.742690058479532
scifact,test,dense_new_doc_rate,low,Oracle retrieval action,171,0.9137426900584795,0.8131578947368422,0.834829582613669,1.319970760233918,0.14943469785575014,0.11866471734892747,0.0003508771929824561,1.0116959064327486,0.02953216374269006,5.742690058479532
scifact,test,dense_new_doc_rate,mid,Train-best retrieval action,93,0.7413978494623656,0.6435483870967741,0.6614308231311997,1.0331720430107527,0.0,0.04335125448028687,0.029999999999999995,2.0,0.04627240143369176,5.870967741935484
scifact,test,dense_new_doc_rate,mid,Heuristic retrieval router,93,0.682258064516129,0.6189964157706093,0.6281177670737305,0.9898207885304658,-0.04335125448028687,0.0,0.001935483870967742,1.064516129032258,0.04627240143369176,5.870967741935484
scifact,test,dense_new_doc_rate,mid,Selective retrieval policy,93,0.7623655913978495,0.6534050179211469,0.6756792711579869,1.07584229390681,0.04267025089605725,0.08602150537634412,0.013225806451612905,1.4408602150537635,0.04627240143369176,5.870967741935484
scifact,test,dense_new_doc_rate,mid,Confidence-gated retrieval policy,93,0.7623655913978495,0.6534050179211469,0.6756792711579869,1.07584229390681,0.04267025089605725,0.08602150537634412,0.013225806451612905,1.4408602150537635,0.04627240143369176,5.870967741935484
scifact,test,dense_new_doc_rate,mid,Oracle retrieval action,93,0.8182795698924731,0.7094982078853047,0.7332282038174371,1.1730286738351254,0.13985663082437272,0.1832078853046596,0.0,1.0,0.04627240143369176,5.870967741935484
scifact,test,dense_new_doc_rate,high,Train-best retrieval action,36,0.4444444444444444,0.3259259259259259,0.3520733317803601,0.5774074074074074,0.0,0.10675925925925916,0.030000000000000002,2.0,0.04416666666666667,5.25
scifact,test,dense_new_doc_rate,high,Heuristic retrieval router,36,0.3472222222222222,0.2518518518518519,0.2746086118651876,0.4706481481481482,-0.10675925925925916,0.0,0.0025,1.0833333333333333,0.04416666666666667,5.25
scifact,test,dense_new_doc_rate,high,Selective retrieval policy,36,0.44999999999999996,0.31666666666666665,0.34289500129804923,0.5958333333333333,0.018425925925925957,0.12518518518518512,0.012500000000000002,1.4166666666666667,0.04416666666666667,5.25
scifact,test,dense_new_doc_rate,high,Confidence-gated retrieval policy,36,0.44999999999999996,0.31666666666666665,0.34289500129804923,0.5958333333333333,0.018425925925925957,0.12518518518518512,0.012500000000000002,1.4166666666666667,0.04416666666666667,5.25
scifact,test,dense_new_doc_rate,high,Oracle retrieval action,36,0.5333333333333333,0.437037037037037,0.45450177017128585,0.7518518518518519,0.1744444444444445,0.2812037037037037,0.0,1.0,0.04416666666666667,5.25
scifact,test,hybrid_new_doc_rate,low,Train-best retrieval action,118,0.8658192090395479,0.7471751412429379,0.7773354419121806,1.209406779661017,0.0,0.0011440677966101376,0.03,2.0,0.028728813559322032,5.796610169491525
scifact,test,hybrid_new_doc_rate,low,Heuristic retrieval router,118,0.8467514124293785,0.7255649717514123,0.7492188303923039,1.208262711864407,-0.0011440677966101376,0.0,0.001271186440677966,1.0423728813559323,0.028728813559322032,5.796610169491525
scifact,test,hybrid_new_doc_rate,low,Selective retrieval policy,118,0.8672316384180792,0.7620056497175142,0.7845003189392161,1.2357768361581922,0.026370056497175165,0.027514124293785303,0.012457627118644067,1.4152542372881356,0.028728813559322032,5.796610169491525
scifact,test,hybrid_new_doc_rate,low,Confidence-gated retrieval policy,118,0.8672316384180792,0.7620056497175142,0.7845003189392161,1.2357768361581922,0.026370056497175165,0.027514124293785303,0.012457627118644067,1.4152542372881356,0.028728813559322032,5.796610169491525
scifact,test,hybrid_new_doc_rate,low,Oracle retrieval action,118,0.9258474576271186,0.8367231638418079,0.8568770498351911,1.3437005649717513,0.13429378531073421,0.13543785310734435,0.0005084745762711864,1.0169491525423728,0.028728813559322032,5.796610169491525
scifact,test,hybrid_new_doc_rate,mid,Train-best retrieval action,160,0.7288541666666667,0.6245833333333334,0.6444239341278613,1.0111458333333334,0.0,0.00290625000000011,0.030000000000000006,2.0,0.03754166666666666,5.7
scifact,test,hybrid_new_doc_rate,mid,Heuristic retrieval router,160,0.7007291666666667,0.6180208333333332,0.6315350213998704,1.0082395833333333,-0.00290625000000011,0.0,0.0015,1.05,0.03754166666666666,5.7
scifact,test,hybrid_new_doc_rate,mid,Selective retrieval policy,160,0.7422916666666666,0.6255208333333334,0.6459361148304958,1.0426770833333332,0.03153124999999979,0.0344374999999999,0.012375,1.4125,0.03754166666666666,5.7
scifact,test,hybrid_new_doc_rate,mid,Confidence-gated retrieval policy,160,0.7422916666666666,0.6255208333333334,0.6459361148304958,1.0426770833333332,0.03153124999999979,0.0344374999999999,0.012375,1.4125,0.03754166666666666,5.7
scifact,test,hybrid_new_doc_rate,mid,Oracle retrieval action,160,0.8143750000000001,0.703125,0.7252996319574707,1.1659375,0.15479166666666666,0.15769791666666677,0.0,1.0,0.03754166666666666,5.7
scifact,test,hybrid_new_doc_rate,high,Train-best retrieval action,22,0.45454545454545453,0.29090909090909095,0.326119997458771,0.5700000000000001,0.0,0.09151515151515155,0.030000000000000006,2.0,0.0703030303030303,5.5
scifact,test,hybrid_new_doc_rate,high,Heuristic retrieval router,22,0.36363636363636365,0.23787878787878788,0.2683925167291155,0.4784848484848485,-0.09151515151515155,0.0,0.00409090909090909,1.1363636363636365,0.0703030303030303,5.5
scifact,test,hybrid_new_doc_rate,high,Selective retrieval policy,22,0.5,0.3424242424242424,0.37671759712992825,0.658939393939394,0.08893939393939398,0.18045454545454553,0.012272727272727274,1.4090909090909092,0.0703030303030303,5.5
scifact,test,hybrid_new_doc_rate,high,Confidence-gated retrieval policy,22,0.5,0.3424242424242424,0.37671759712992825,0.658939393939394,0.08893939393939398,0.18045454545454553,0.012272727272727274,1.4090909090909092,0.0703030303030303,5.5
scifact,test,hybrid_new_doc_rate,high,Oracle retrieval action,22,0.5454545454545454,0.43333333333333335,0.46130510519897533,0.7621212121212121,0.19212121212121203,0.2836363636363636,0.0,1.0,0.0703030303030303,5.5
